School,Diploma,Skills Learned,Career Roles,Companies Hiring,Skills Employers Want,Resources
School of Applied Science,Common Science Programme,"Lab safety & technique, Scientific method & data analysis, General & organic chemistry, Molecular biology basics, Anatomy & physiology basics, Environmental science basics","Exploratory - leads into any SAS diploma (Chemistry, Bio, Biomed, Env & Marine, Pharma)","Givaudan, A*STAR, SGH, NEA, GSK, BASF, Roche Diagnostics, NParks, Lonza","Curiosity, Precision, Attention to detail, Analytical thinking, Willingness to explore, Lab discipline","RP SAS course guide, SkillsFuture 'Explore a Career' sessions"
School of Applied Science,Diploma in Applied Chemistry,"Analytical chemistry, Organic & inorganic chemistry, Formulation science & technology, Cosmetic product design & development, Forensic science, Quality assurance & data analytics","Lab Technician, QC Analyst, Formulation Chemist, Cosmetic Scientist","Givaudan, Wilmar, P&G, L'Oreal, Given Imaging, BASF, ExxonMobil, Sanofi, Lonza","Formulation science knowledge, attention to detail, analytical thinking, GMP knowledge, quality control testing, Formulation/food science knowledge","Royal Society of Chemistry (Singapore chapter), Coursera 'Analytical Chemistry'"
School of Applied Science,Diploma in Biological Sciences,"Molecular biology, Microbiology, Genetics, Anatomy & physiology, Food science & sustainable food innovation, Biotechnology & agritech applications","Research Assistant, Lab Technologist, Biotech Associate","A*STAR, Thermo Fisher Scientific, WuXi Biologics, Merck, Lonza, Novartis, Health Sciences Authority, National University Hospital, AbbVie","Aseptic technique, GMP knowledge, Lab discipline, basic scripting (R/Python), accurate lab record-keeping, regulatory awareness","A*STAR Research Attachment Programme, Coursera 'Genomic Data Science'"
School of Applied Science,Diploma in Biomedical Science,"Anatomy & physiology, Bioinformatics, Immunology, Genomics, Medical microbiology, Diagnostic pathology & clinical chemistry","Medical Lab Technologist, Clinical Research Associate","SGH, TTSH, Quest Diagnostics, Roche Diagnostics, KK Women's and Children's Hospital, National University Hospital, Health Sciences Authority, Lonza, Novartis","Lab discipline, Care coordination, empathy, communication with patients and families, accurate documentation, GMP/quality-assurance mindset","SGH/NHG internship programmes, HealthTech SkillsFuture courses"
School of Applied Science,Diploma in Environmental & Marine Science,"Earth & climate science, Terrestrial & marine ecology, Environmental data analysis, Environmental management, Sustainability reporting, Circular economy","Environmental Officer, Sustainability Analyst, Marine Research Assistant","NEA, PUB, Surbana Jurong, ST Marine, Maritime and Port Authority of Singapore, NParks, Seatrium, Mandai Wildlife Group, Land Transport Authority","project coordination, regulatory awareness, fieldwork discipline, Regulatory/compliance awareness, data analysis, public communication","NEA internship programme, Esri ArcGIS free training"
School of Applied Science,Diploma in Pharmaceutical Science,"Pharmacology, Pharmaceutics, Clinical pharmacy & patient care, Drug formulation, production & analysis, Current Good Manufacturing Practice (cGMP), Medication dispensing","Pharmacy Technician, QA Associate, Regulatory Affairs Assistant","GSK, Pfizer, Unity Pharmacy, Watsons, Sanofi, Novartis, Health Sciences Authority, AbbVie, Lonza","GMP knowledge, regulatory awareness, product knowledge, attention to detail, quality mindset, lab discipline","HSA guidance documents, PIC/S training materials"
School of Business,Common Business Programme,"Business fundamentals, Accounting basics, Marketing basics, Consumer behaviour basics, Communications basics, Business analytics basics",Exploratory - leads into any SBZ or SOH diploma,"DBS, Grab, NielsenIQ, Kantar, MINDEF, Sephora, Mediacorp, Ogilvy, Deloitte","Communication, Numeracy, Curiosity about business, Analytical thinking, Client communication, Adaptability",RP SBZ/SOH course guide
School of Business,Diploma in Business,"Accounting, marketing, entrepreneurship, business analytics","Business Analyst, Marketing Executive, Accounts Assistant","DBS, Grab, Shopee, PwC, Accenture, CapitaLand, Deloitte, KPMG, NTUC Enterprise","Analytical thinking, client communication, Full-stack/mobile development, data analytics, fast execution in a fast-paced environment, Data analytics","SkillsFuture business courses, LinkedIn Learning 'Business Foundations'"
School of Business,Diploma in Consumer Insights & Psychology,"Market research design, consumer behaviour analysis, survey methodology","Market Research Executive, Consumer Insights Analyst, UX Researcher","NielsenIQ, Kantar, Unilever, P&G, Sephora, Watsons, Grab, Shopee, L'Oreal","Data analysis, attention to detail, Customer service, product knowledge, retail operations familiarity, clear reporting of consumer insights","NielsenIQ internships, Qualtrics XM free training"
School of Business,Diploma in Defence & Security Management,"Security operations, risk management, defence systems fundamentals","Security Analyst, Operations Executive, Home Team roles","MINDEF, Home Team agencies, ST Engineering, Ensign InfoSecurity, Cyber Security Agency of Singapore, GovTech, DBS Bank, Accenture, NCS","Discipline, technical/engineering fundamentals, security awareness, teamwork under pressure, public-service mindset, Technical precision",MINDEF/HTX careers portal
School of Business,Diploma in Human Resource Management with Psychology,"HR processes, organisational psychology, recruitment & selection","HR Executive, Talent Acquisition Associate, L&D Coordinator","Grab, DBS, Sephora, NTUC Enterprise, Deloitte, KPMG, Accenture, Mediacorp, CapitaLand","Analytical thinking, client communication, Full-stack/mobile development, data analytics, fast execution in a fast-paced environment, Customer service","IHRP certification pathway, LinkedIn Learning HR courses"
School of Business,Diploma in Mass Communication,"Content writing, video production, social media strategy","Content Creator, PR Executive, Social Media Executive, Junior Journalist","Mediacorp, CNA, Ogilvy, Edelman, MCI Group, Comexposium, Grab, Pico, Kantar","client communication, A strong content portfolio, storytelling, adaptability across platforms, News writing/storytelling, research skills","Mediacorp internship programme, Canva/Adobe tutorials"
School of Engineering,Common Engineering Programme,"Foundational engineering concepts, Problem-based learning basics, Engineering mathematics, Basic electrical/mechanical principles, Technical drawing/CAD basics, Project coordination basics",Exploratory - leads into any SEG diploma,"ST Engineering, Changi Airport Group, Accenture, Flex, Siemens, ABB, PSA International, CapitaLand, JTC","Analytical thinking, Hands-on curiosity, Technical precision, Engineering fundamentals, Discipline under regulation, Project coordination",RP SEG course guide
School of Engineering,Diploma in Aerospace Engineering,"Aircraft maintenance, aerodynamics, avionics fundamentals","Aircraft Maintenance Technician, (Licensed Aircraft Engineer with further certification)","SIA Engineering Company, ST Engineering Aerospace, Pratt & Whitney, Rolls-Royce Singapore, Singapore Airlines, Changi Airport Group, CAAS, ST Engineering, JTC","Technical precision, engineering fundamentals, discipline under regulation, Communication, service mindset, precision under pressure","CAAS licensing information, SIAEC internship programme"
School of Engineering,Diploma in Aviation Management,"Airport operations, air traffic systems basics, aviation logistics","Airport Operations Executive, Ground Services Officer, ATC trainee","Changi Airport Group, Singapore Airlines, CAAS, SIA Engineering Company, ST Engineering Aerospace, Pratt & Whitney, Rolls-Royce Singapore, Maritime and Port Authority of Singapore, JTC","Technical precision, engineering fundamentals, discipline under regulation, analytical thinking, Attention to detail, service excellence","Changi Airport Group internship, CAAS scholarship information"
School of Engineering,Diploma in Business Process & Engineering Management,"Process improvement, project management, Lean/Six Sigma basics","Business Process Analyst, Project Coordinator","Accenture, DHL, ST Engineering, NCS, GovTech, Deloitte, KPMG, Kuehne+Nagel, Bosch","Analytical thinking, process discipline, problem-solving, client communication, adaptability, clear client communication",Lean Six Sigma Yellow Belt online courses
School of Engineering,Diploma in Defence & Security Management,"Security operations, risk management, defence systems fundamentals","Security Analyst, Operations Executive, Home Team roles","MINDEF, Home Team agencies, ST Engineering, Ensign InfoSecurity, Cyber Security Agency of Singapore, GovTech, ST Marine, NCS, Accenture","Discipline, Technical precision, engineering fundamentals, discipline under regulation, technical/engineering fundamentals, security awareness",MINDEF/HTX careers portal
School of Engineering,Diploma in Electrical & Electronic Engineering,"Circuit design, embedded systems, PCB design","Electronics Engineer, Test Engineer, Field Applications Engineer","ST Engineering, Flex, Micron, Infineon, Bosch, ABB, Siemens, Omron, Softing Singapore","troubleshooting, precision, Electrical/automation fundamentals, technical documentation, Technical precision, engineering fundamentals",Arduino/embedded systems courses on Coursera
School of Engineering,Diploma in Engineering,"Design, programming, Industrial IoT, project management","Design Engineer, Project Engineer","Softing Singapore, Siemens, BASF, ExxonMobil, Bosch, ABB, Omron, JTC, Flex","troubleshooting, precision, Electrical/automation fundamentals, technical documentation, analytical thinking, Technical testing/troubleshooting",SolidWorks/AutoCAD free tutorials
School of Engineering,Diploma in Mobility & Robotic Systems,"Robotics, automation, control systems","Robotics Technician, Automation Engineer","ST Engineering, Omron, ABB, JTC, Land Transport Authority, Bosch, Siemens, Seatrium, Flex","troubleshooting, project coordination, Electrical/automation fundamentals, technical documentation, Technical precision, engineering fundamentals","ROS official tutorials, Omron training resources"
School of Engineering,Diploma in Supply Chain Management,"Logistics, inventory management, procurement","Supply Chain Analyst, Logistics Executive","DHL, PSA International, Amazon, Kuehne+Nagel, JTC, Land Transport Authority, Grab, Shopee, NCS","process discipline, Operations/ERP familiarity, problem-solving under time pressure, Analytical thinking, ERP/SAP familiarity, an operations mindset","SAP Learning Hub, PSA internship programme"
School of Engineering,Diploma in Sustainable Built Environment,"Green building design, BIM, sustainability assessment","Sustainability Coordinator, BIM Technician, Facilities Executive","Surbana Jurong, CapitaLand, BCA, NEA, PUB, Housing & Development Board, Land Transport Authority, JTC, NParks","project coordination, regulatory awareness, Sustainability knowledge, analytical/technical skills, analytical skills, Sustainability/green building knowledge",BCA Green Mark short courses
School of Hospitality,Common Business Programme,"Business fundamentals, Accounting basics, Marketing basics, Hospitality service principles, Tourism industry basics, Event operations basics",Exploratory - leads into any SBZ or SOH diploma,"Singapore Tourism Board, Klook, Marina Bay Sands, Shangri-La, IHG Hotels & Resorts, MCI Group, Pico, Les Amis Group, Resorts World Sentosa","Service mindset, Communication, Curiosity about business, Guest service mindset, Multitasking under pressure, Teamwork",RP SBZ/SOH course guide
School of Hospitality,Diploma in Hospitality & Tourism Management,"Tourism operations, service management, event coordination","Travel Consultant, Tourism Officer, Guest Relations Executive","Singapore Tourism Board, Klook, Marina Bay Sands, Resorts World Sentosa, Shangri-La, IHG Hotels & Resorts, Marriott International, Changi Airport Group, MCI Group","Guest service mindset, teamwork, PMS software familiarity, Cultural awareness, communication, tourism industry knowledge","STB internship programme, Klook partner training"
School of Hospitality,Diploma in Hotel & Leisure Management,"Front office operations, F&B service, revenue management basics","Guest Service Associate, Hotel Management Trainee","Marina Bay Sands, Shangri-La, IHG Hotels & Resorts, Resorts World Sentosa, Marriott International, Singapore Tourism Board, Klook, Esplanade, Base Entertainment","Guest service mindset, teamwork, PMS software familiarity, Service excellence, resilience under pressure, hospitality operations knowledge","IHG internship programme, Opera PMS training resources"
School of Hospitality,Diploma in Events & Project Management,"Event planning, logistics coordination, stakeholder management","Events Executive, Project Coordinator","MCI Group, Pico, Comexposium, Marina Bay Sands, Resorts World Sentosa, Esplanade, Base Entertainment, The Ebenex Group, Singapore Tourism Board","client communication, organisation, Event logistics, organisation across multiple stakeholders, Event production coordination, organisation across timelines",MICE industry short courses (SACEOS)
School of Hospitality,Diploma in Restaurant & Culinary Management,"Culinary techniques, F&B operations, menu costing","Chef de Partie, F&B Supervisor","OUE Restaurants, Les Amis Group, BreadTalk Group, Marina Bay Sands, Shangri-La, Marriott International, Resorts World Sentosa, IHG Hotels & Resorts, Klook","teamwork, Service excellence, Guest service mindset, multitasking under pressure, PMS software familiarity, attention to detail",WSQ culinary certification courses
School of Infocomm,Common ICT Programme,"Foundational computing concepts, Problem-based learning basics, Programming fundamentals, Data structures basics, Networking basics, Cybersecurity basics",Exploratory - leads into any SOI diploma,"Grab, GovTech, Ensign InfoSecurity, Cyber Security Agency of Singapore, AWS, Microsoft, DBS Bank, NCS, Accenture","Logical thinking, Curiosity about tech, Coding fundamentals, Problem-solving, Data analysis, Cloud fundamentals",RP SOI course guide
School of Infocomm,Diploma in Applied AI & Analytics,"Python, machine learning, data analytics, data visualisation","Data Analyst, AI Engineer, Business Intelligence Analyst","Grab, GovTech, Shopee, DBS Bank, NCS, Accenture, Microsoft, AWS, NielsenIQ","problem-solving, Full-stack/mobile development, data analytics, fast execution in a fast-paced environment, Coding fundamentals, a public-service mindset","Kaggle, Google AI courses, DataCamp"
School of Infocomm,Diploma in Cybersecurity & Digital Forensics,"Network security, penetration testing basics, digital forensics","Security Analyst, SOC Analyst, Junior Penetration Tester","Ensign InfoSecurity, Cyber Security Agency of Singapore, DBS Bank, GovTech, NCS, Accenture, Home Team agencies, MINDEF, Microsoft","problem-solving, Discipline, CTF/competition experience, scripting, security certifications, Security fundamentals","TryHackMe, TCM Security Academy, Hack The Box"
School of Infocomm,Diploma in Enterprise Cloud Computing & Management,"Cloud infrastructure, DevOps basics, virtualisation","Cloud Support Associate, Junior DevOps Engineer, Systems Administrator","AWS, Microsoft, NCS, ST Engineering, Accenture, GovTech, Grab, DBS Bank, Bosch","problem-solving, AWS certifications, Linux fundamentals, scripting, Cloud fundamentals, relevant certifications","AWS Educate, Microsoft Learn"
School of Infocomm,Diploma in Financial Technology,"Fintech systems, blockchain basics, payments technology","Fintech Associate, Business Analyst (Fintech), Junior Developer","DBS Bank, GXS Bank, Grab Financial Group, Accenture, NCS, Deloitte, KPMG, Shopee, AWS","Analytical thinking, data analysis, client communication, Digital/fintech literacy, communication, customer-first mindset","MAS Fintech resources, Coursera 'Fintech Foundations'"
School of Infocomm,Diploma in Information Technology,"Software development, databases, systems analysis","Software Developer, IT Support Engineer, Systems Analyst","NCS, Accenture, Grab, GovTech, Microsoft, AWS, DBS Bank, ST Engineering, Shopee","problem-solving, Coding portfolio (GitHub), cloud fundamentals, teamwork on client projects, Analytical thinking, adaptability","freeCodeCamp, GitHub, LeetCode"
School of Sports and Health,Common Sports & Health Programme,"Foundational sports and health concepts, Problem-based learning basics, Human anatomy & physiology basics, Coaching principles basics, Community care basics, Health promotion basics",Exploratory - leads into any SSH diploma,"Woodlands Health, Agency for Integrated Care, Outward Bound Singapore, Sport Singapore, Singapore Sports Institute, Health Promotion Board, ActiveSG, NTUC Health, SAFRA","Physical fitness interest, Communication, Coaching/facilitation skills, Care coordination, Empathy, Community engagement",RP SSH course guide
School of Sports and Health,Diploma in Integrated Community Care,"Care coordination, gerontology basics, case management","Community Care Associate, Case Coordinator","Woodlands Health, Agency for Integrated Care, NTUC Health, Health Sciences Authority, SGH, TTSH, National University Hospital, KK Women's and Children's Hospital, Health Promotion Board","empathy, Care coordination, communication with families, communication with patients and families, Lab discipline, patient-care mindset",AIC training resources
School of Sports and Health,Diploma in Outdoor Education,"Outdoor facilitation, risk management, adventure programming","Outdoor Instructor, Adventure Programme Coordinator","Outward Bound Singapore, NParks, NEA, Sport Singapore, Mandai Wildlife Group, Ministry of Education, SAFRA, Singapore Sports Institute, Maritime and Port Authority of Singapore","fieldwork discipline, community engagement, First aid certification, facilitation skills, risk assessment, Biodiversity/environmental knowledge","Outward Bound Singapore courses, first aid certification (SRC)"
School of Sports and Health,Diploma in Sport Coaching,"Coaching methodology, athlete development, sports psychology basics","Assistant Coach, Sports Programme Executive","Sport Singapore, ActiveSG, Ministry of Education, SAFRA, True Fitness, Singapore Sports Institute, Outward Bound Singapore, NParks, Health Promotion Board","customer service, community engagement, Coaching/facilitation skills, Programme coordination, sports industry knowledge, sports programme knowledge",SportSG coaching accreditation courses
School of Sports and Health,Diploma in Sport & Exercise Science,"Biomechanics, exercise physiology, performance analysis","Sports Science Assistant, Fitness Consultant, Performance Analyst","Singapore Sports Institute, True Fitness, SAFRA, Sport Singapore, ActiveSG, Health Promotion Board, National University Hospital, Woodlands Health, Outward Bound Singapore","customer service, Coaching/facilitation skills, community engagement, Sports science knowledge, data tracking, coaching support skills","ACSM certification info, Singapore Sports Institute resources"
School of Sports and Health,Diploma in Sports & Health,"General sports science, health promotion, fitness training basics","Fitness Instructor, Health Promotion Officer","Health Promotion Board, ActiveSG, True Fitness, SAFRA, NTUC Health, Sport Singapore, Singapore Sports Institute, Woodlands Health, Agency for Integrated Care","customer service, Coaching/facilitation skills, community engagement, communication with families, empathy, Public health knowledge","HPB resources, ActiveSG training programmes"
"School of Technology for Arts, Media and Design","Common Arts, Media and Design Programme","Foundational arts/media/design concepts, Problem-based learning basics, Design thinking basics, Digital media production basics, Visual communication basics, Creative production basics",Exploratory - leads into any STA diploma,"Esplanade, Base Entertainment, The Ebenex Group, Carousell, Grab, Mediacorp, Ubisoft Singapore, Garena, Kingsmen Creatives","Creativity, Curiosity, Willingness to experiment, Design portfolio, Project coordination, Client communication",RP STA course guide
"School of Technology for Arts, Media and Design",Diploma in Arts & Entertainment Production Management,"Event/production management, technical production, logistics","Production Coordinator, Stage Manager, Technical Production Assistant","Esplanade, Base Entertainment, The Ebenex Group, MCI Group, Pico, Comexposium, Marina Bay Sands, Resorts World Sentosa, Mediacorp","organisation, client communication, Technical AV knowledge, teamwork under pressure, Event operations, front-of-house/technical production skills","Esplanade internship programme, technical theatre short courses"
"School of Technology for Arts, Media and Design",Diploma in Design,"UI/UX design, graphic design, design thinking","UI/UX Designer, Graphic Designer, Product Designer","Carousell, Grab, Kingsmen Creatives, Ogilvy, The Ebenex Group, Mediacorp, CNA, Shopee, Esplanade","client communication, organisation, A design portfolio (Figma), UX thinking, prototyping skills, Full-stack/mobile development","Figma tutorials, Behance portfolio building"
"School of Technology for Arts, Media and Design",Diploma in Digital Content Creation,"Video production, motion graphics, content strategy","Content Creator, Video Editor, Social Media Producer","Mediacorp, CNA, Ogilvy, Edelman, Grab, Shopee, Carousell, Garena, MCI Group","client communication, A strong content portfolio, storytelling, adaptability across platforms, News writing/storytelling, research skills","YouTube Creator Academy, Adobe tutorials"
"School of Technology for Arts, Media and Design",Diploma in Sonic Arts,"Sound design, audio production, Foley/post-production","Sound Designer, Audio Engineer, Foley Artist","The Ebenex Group, Ubisoft Singapore, Garena, Mediacorp, CNA, Kingsmen Creatives, Esplanade, Base Entertainment, Pico","organisation, client communication, AV/technical production skills, teamwork under live conditions, Creative/technical game development skills, teamwork","Pro Tools certification, RP Foley Arts Studio practice"
