Company Name,Industry / Specialization,Overview,Website,Careers Link,Expectations,Related Diploma(s),Resource
DBS Bank,Banking & Financial Services,"Leading financial services group in Asia headquartered in Singapore, operating across 19 markets spanning Greater China, Southeast Asia, and South Asia. Provides consumer, SME, and corporate banking alongside wealth management and investment services. Repeatedly named World's Best Bank (Global Finance, Euromoney) and World's Best Digital Bank, reflecting heavy investment in digital transformation - runs a structured Management Associate Programme and hires fresh graduates into technology, data, and digital banking tracks alongside traditional finance roles.",dbs.com,dbs.com/careers/default.page,"Digital/fintech literacy, data analysis, communication, customer-first mindset",Diploma in Applied AI & Analytics; Diploma in Cybersecurity & Digital Forensics; Diploma in Financial Technology,DBS Management Associate Programme - structured graduate rotational programme
Grab,Technology / Super-app,"Southeast Asia's leading superapp, headquartered in Singapore, spanning ride-hailing, food delivery (GrabFood), and digital financial services through its Grab Financial Group arm. Singapore serves as Grab's Global HQ and largest engineering hub, with major functions across product, data, and platform engineering based here. Known for a fast-paced, homegrown tech culture and structured internship pipelines for polytechnic and university students.",grab.com,grab.careers/en/jobs/,"Full-stack/mobile development, data analytics, fast execution in a fast-paced environment",Diploma in Business; Diploma in Human Resource Management with Psychology; Diploma in Applied AI & Analytics; Diploma in Information Technology; Diploma in Design,SkillsFuture - 'Explore a Career' industry-specific short courses
Shopee,E-commerce,"Leading e-commerce platform across Southeast Asia and Taiwan, part of the NYSE-listed Sea Limited group, with a major Singapore-based engineering and operations workforce at its Science Park Drive campus. Hires heavily into data analytics, business development, logistics/operations, and software engineering, with dedicated fresh-graduate tracks (e.g. Data Analyst and Business Intelligence roles specifically for new grads).",shopee.sg,careers.shopee.sg,"Data analytics, digital marketing, e-commerce operations familiarity",Diploma in Business; Diploma in Applied AI & Analytics,SkillsFuture - Supply Chain & Operations WSQ courses
GovTech,Public Sector / Technology,"Singapore's Government Technology Agency, driving the country's Smart Nation digital transformation with a workforce of 3,000+ GovTechies organised into five Capability Centres covering software engineering, cybersecurity, data engineering, design, and government ICT infrastructure. Runs dedicated early-career pathways including the Technology Associate Programme, Smart Nation Scholarship, and structured internships specifically for polytechnic and pre-tertiary students, not just university graduates.",tech.gov.sg,tech.gov.sg/careers/,"Coding fundamentals, problem-solving, a public-service mindset",Diploma in Applied AI & Analytics; Diploma in Information Technology,GovTech Technology Associate Programme / Smart Nation Scholarship
NCS,IT Services,"AI Tech Services company and subsidiary of the Singtel Group, with a 15,000-strong team across the Asia Pacific and over SGD 2.84 billion in revenue. Delivers technology consulting, systems integration, and digital transformation projects for government and enterprise clients. Runs three distinct graduate pathways - Nucleus (university grads), Fusion (polytechnic grads, including a sponsored degree option), and Ignite (ITE grads) - making it one of the more polytechnic-pathway-friendly major tech employers in Singapore.",ncs.co,ncs.co/en-sg/careers/,"Coding portfolio (GitHub), cloud fundamentals, teamwork on client projects",Diploma in Enterprise Cloud Computing & Management; Diploma in Information Technology,NCS Fusion Programme - sponsored-degree pathway built specifically for polytechnic graduates
Accenture,Consulting / Technology,"Global professional services company with leading capabilities in digital, cloud, and security consulting, serving clients across strategy, technology, and operations. Runs a dedicated Fresh Diploma Graduate Program specifically for polytechnic graduates entering software engineering roles, alongside the Accenture-SIT Apprenticeship (a work-study sponsored degree pathway developed with the Singapore Institute of Technology) and structured internships.",accenture.com,accenture.com/sg-en/careers,"Analytical thinking, adaptability, clear client communication",Diploma in Business Process & Engineering Management; Diploma in Information Technology,Accenture Fresh Diploma Graduate Program / Accenture-SIT Apprenticeship (work-study degree)
ST Engineering,Aerospace / Defence / Engineering,"Singapore-headquartered global technology, defence, and engineering group with operations spanning aerospace, smart city solutions, digital systems, and defence and public security segments, plus international operations including the United States. One of Singapore's largest engineering employers, offering structured graduate and internship pathways across its aerospace MRO, electronics, and land systems businesses.",stengg.com,stengg.com/en/careers/,"Technical precision, engineering fundamentals, discipline under regulation",Diploma in Defence & Security Management; Diploma in Business Process & Engineering Management; Diploma in Electrical & Electronic Engineering; Diploma in Mobility & Robotic Systems; Diploma in Enterprise Cloud Computing & Management,SkillsFuture - Engineering fundamentals WSQ courses
PSA International,Port & Logistics,"Global port operator and supply chain company, formerly the Port of Singapore Authority, now operating over 70 deepsea, rail, and inland terminals across more than 180 locations in 45 countries, with flagship operations in Singapore and Belgium. Runs a 2-year Global Management Associate Program with international rotations, plus internships, for graduates interested in port operations, supply chain, and terminal technology.",globalpsa.com,globalpsa.com/careers/,"Analytical thinking, ERP/SAP familiarity, an operations mindset",Diploma in Supply Chain Management,PSA Global Management Associate Program (GMAP) - 2-year programme with international rotations
Changi Airport Group,Aviation,"Corporatised in 2009 from the former Civil Aviation Authority of Singapore, CAG manages Singapore Changi Airport - consistently ranked among the world's best airports and home to Jewel Changi Airport. Runs structured internships and graduate programmes across airport operations, engineering, and commercial functions.",changiairport.com,changiairport.com/en/corporate/careers.html,"Attention to detail, service excellence, operational resilience",Diploma in Aviation Management,SkillsFuture - WSQ Service Excellence courses
Singapore Airlines,Aviation,"Singapore's flag carrier and one of the world's most awarded airlines, operating alongside its cargo arm (Singapore Airlines Cargo) and regional low-cost carrier subsidiary (Scoot). Hires across three broad career tracks - Cabin Crew, Pilots, and Ground Professionals (covering engineering, commercial, IT, and corporate functions) - with structured graduate and internship programmes feeding into all three.",singaporeair.com,careers.singaporeair.com/sia,"Communication, service mindset, precision under pressure",Diploma in Aviation Management,SkillsFuture - 'Explore a Career' industry-specific short courses
Mediacorp,Media & Broadcasting,"Singapore's national media network, operating TV, radio, and digital content brands across multiple languages, including CNA (Channel News Asia) for news and current affairs. Actively growing its regional digital content and business development functions alongside traditional broadcast production, and regularly hires interns and fresh graduates into journalism, content production, and commercial/marketing roles.",mediacorp.sg,mediacorp.recruiterpal.com,"A strong content portfolio, storytelling, adaptability across platforms",Diploma in Mass Communication; Diploma in Digital Content Creation,LinkedIn Learning - Journalism & Storytelling Fundamentals
CapitaLand,Real Estate,"One of Asia's largest diversified real estate groups, headquartered in Singapore with a portfolio spanning 270 cities in 45 countries across two main arms - CapitaLand Investment (real asset management) and CapitaLand Development (property development). Runs a structured Management Associate Programme alongside internships explicitly open to polytechnic students with strong academic and CCA track records, spanning real estate, sustainability, and corporate functions.",capitaland.com,capitaland.com/en/about-capitaland/careers.html,"Sustainability knowledge, project coordination, analytical skills",Diploma in Sustainable Built Environment,"CapitaLand Management Associate Programme, open to polytechnic students"
Marina Bay Sands,Hospitality / Integrated Resort,"Iconic integrated resort opened in 2010 and owned by Las Vegas Sands, globally recognised for its SkyPark and infinity pool. Combines a 2,500+ room hotel, casino, one of Asia's largest MICE convention centres, and luxury retail (The Shoppes) - one of Singapore's largest private-sector employers, with dedicated internship pathways for polytechnic students.",marinabaysands.com,careers.marinabaysands.com,"Service excellence, resilience under pressure, hospitality operations knowledge",Diploma in Hospitality & Tourism Management; Diploma in Hotel & Leisure Management,SkillsFuture - Hospitality & Guest Service WSQ courses
Shangri-La,Hospitality,"Asia's leading luxury hotel group, founded in Singapore in 1971 and now operating 100+ hotels and resorts across Asia Pacific, North America, Europe, and the Middle East, known for its 'Shangri-La hospitality' service philosophy. Runs graduate management trainee programmes across rooms division, F&B, and hotel operations.",shangri-la.com,careers.shangri-la.com,"Guest service mindset, PMS software familiarity (e.g. Opera), teamwork",Diploma in Hotel & Leisure Management,SkillsFuture - Hospitality & Guest Service WSQ courses
Singapore Tourism Board,Public Sector / Tourism,"Statutory board under the Ministry of Trade and Industry, driving Singapore's tourism sector through destination marketing, industry development, and bidding for major international events. Offers internships and structured graduate schemes for those interested in tourism policy, marketing, and destination development.",stb.gov.sg,stb.gov.sg/content/stb/en/about-stb/careers.html,"Cultural awareness, communication, tourism industry knowledge",Diploma in Hospitality & Tourism Management,SkillsFuture - 'Explore a Career' industry-specific short courses
Klook,Travel Technology,"Travel activities and experiences booking platform with a major Singapore presence, connecting travellers to tours, attractions, and local experiences across hundreds of thousands of listings worldwide. Hires into product, engineering, and commercial roles, with fast-paced startup-style internships.",klook.com,careers.klook.com,"Digital literacy, customer service, multitasking across bookings",Diploma in Hospitality & Tourism Management,SkillsFuture - WSQ Service Excellence courses
PwC,Professional Services,"One of the Big Four global professional services firms, offering audit & assurance, tax, and advisory/consulting services, with one of its largest Southeast Asian practices based in Singapore. Runs a dedicated Polytechnic Graduates pathway - distinct from its university scheme - plus internships structured specifically for poly students.",pwc.com,pwc.com/sg/en/careers.html,"Excel proficiency, analytical rigor, clear communication",Diploma in Business,SkillsFuture - 'Explore a Career' industry-specific short courses
Unilever,FMCG,"British-headquartered global consumer goods company behind household brands like Dove, Lipton, and Knorr, with a significant Singapore presence including regional functions. Runs the Unilever Future Leaders Programme (UFLP) and structured internships spanning supply chain, marketing, finance, and R&D.",unilever.com,careers.unilever.com/en/singapore,"Marketing analytics, brand thinking, consumer insight",Diploma in Consumer Insights & Psychology,SkillsFuture - 'Explore a Career' industry-specific short courses
P&G,FMCG,"Global consumer goods company (Procter & Gamble) with 2,000+ employees across its Singapore offices representing 40+ nationalities. Runs a Management Internship Program spanning brand management, finance, HR, supply chain, and R&D, giving interns real project responsibility from Day 1.",pg.com,pgcareers.com/sg/en,"Formulation science knowledge, GMP awareness, attention to detail",Diploma in Applied Chemistry; Diploma in Consumer Insights & Psychology,Coursera - 'Good Manufacturing Practices (GMP) Fundamentals'
L'Oreal,Beauty & Cosmetics,"World's largest cosmetics company, operating a significant Research & Innovation hub in Singapore that develops beauty formulations tailored to Asian markets, across luxury, consumer, professional, and dermatological beauty brands. Hires chemistry and science graduates into formulation, quality-control, and R&I roles.",loreal.com,careers.loreal.com,"Formulation science, quality-control mindset, market trend awareness",Diploma in Applied Chemistry,Coursera - Analytical Chemistry & Quality Control Fundamentals
Pfizer,Pharmaceutical,"Global pharmaceutical company with one of its longest-standing Asian manufacturing plants in Singapore, producing medicines for global distribution, alongside regional commercial operations. Hires science and engineering graduates into manufacturing, quality, and R&D functions.",pfizer.com,pfizer.com/about/careers,"GMP/GDP knowledge, regulatory awareness, documentation discipline",Diploma in Pharmaceutical Science,Coursera - 'Good Manufacturing Practices (GMP) Fundamentals'
GSK,Pharmaceutical,"British global healthcare and pharmaceutical company with a long-established Singapore manufacturing site producing vaccines and pharmaceutical products for global markets. Offers apprenticeships and internships for polytechnic and university students across manufacturing, quality, and supply chain.",gsk.com,gsk.com/en-gb/careers/,"Quality-assurance mindset, regulatory familiarity, meticulous documentation",Diploma in Pharmaceutical Science,Coursera - 'Good Manufacturing Practices (GMP) Fundamentals'
A*STAR,Public Sector / Research,"Agency for Science, Technology and Research - Singapore's lead public research agency, running 20+ research institutes spanning biomedical sciences, engineering, and infocomm technology. Awards scholarships and research attachments to polytechnic students through programmes like the A*STAR Research Attachment Programme.",a-star.edu.sg,a-star.edu.sg/Careers,"Lab discipline, curiosity, basic scripting (R/Python)",Diploma in Biological Sciences,Coursera - 'Good Laboratory Practice & Lab Safety Fundamentals'
Ensign InfoSecurity,Cybersecurity,"Asia's largest pure-play cybersecurity company, headquartered in Singapore, providing managed detection and response, penetration testing, and threat intelligence to governments and enterprises across the region. Runs a dedicated cybersecurity internship and graduate track for polytechnic and ITE students.",ensigninfosecurity.com,ensigninfosecurity.com/careers,"CTF/competition experience, scripting, security certifications",Diploma in Cybersecurity & Digital Forensics,TryHackMe - free hands-on cybersecurity training platform
Cyber Security Agency of Singapore,Public Sector / Cybersecurity,"Singapore's national cybersecurity agency, responsible for protecting critical infrastructure and coordinating national cyber incident response. Runs the Cybersecurity Associates and Technologists (CSAT) programme and internships for polytechnic cybersecurity graduates.",csa.gov.sg,csa.gov.sg/careers,"Security fundamentals, policy awareness, technical aptitude",Diploma in Cybersecurity & Digital Forensics,TryHackMe - free hands-on cybersecurity training platform
GXS Bank,Digital Banking,"One of Singapore's first digital banks, backed by Grab and Singtel, offering fully app-based savings and lending products with no physical branches, targeting underserved segments like gig workers and small businesses. Hires into product, engineering, and risk roles in a startup-style digital banking environment.",gxs.com.sg,gxs.com.sg/careers,"Coding fundamentals, product thinking, fintech literacy",Diploma in Financial Technology,freeCodeCamp - free coding curriculum with certifications
AWS,Cloud Computing,"Amazon Web Services - the world's largest cloud infrastructure provider, with a major Asia Pacific presence in Singapore including data centres and regional headquarters functions. Runs the AWS re/Start programme and structured internships for cloud engineering and solutions architecture roles.",aws.amazon.com,aws.amazon.com/careers/,"AWS certifications, Linux fundamentals, scripting",Diploma in Enterprise Cloud Computing & Management,AWS Skill Builder - free official AWS cloud training
Microsoft,Technology,"Global technology company with its Singapore office serving as an Asia Pacific hub, driving cloud (Azure), AI, and enterprise software adoption across the region. Offers the Microsoft Aspire Experience graduate programme and internships across engineering, sales, and customer success roles.",microsoft.com,careers.microsoft.com,"Cloud fundamentals, problem-solving, relevant certifications",Diploma in Enterprise Cloud Computing & Management,AWS Skill Builder - free official AWS cloud training
Infineon,Semiconductors,"German semiconductor company with a major manufacturing and R&D presence in Singapore, a key node in its global chip supply chain producing power semiconductors and sensors. Hires electrical/electronic engineering graduates into wafer fabrication, testing, and process engineering roles.",infineon.com,infineon.com/cms/en/about-infineon/careers/,"Circuit design knowledge, troubleshooting, precision",Diploma in Electrical & Electronic Engineering,SkillsFuture - Electrical & Automation WSQ courses
NTUC Health,Healthcare / Social Enterprise,"Community healthcare and eldercare provider under the NTUC Enterprise group, operating nursing homes, senior day care centres, and home care services across Singapore. Hires into care coordination, therapy, and community nursing roles, with pathways suited to Integrated Community Care diploma graduates.",ntuchealth.sg,ntuchealth.sg/careers,"Empathy, care documentation, communication with families",Diploma in Integrated Community Care,SkillsFuture - Healthcare Support / Community Care WSQ courses
NTUC Enterprise,Social Enterprise,"Singapore's largest social enterprise group, spanning FairPrice supermarkets, NTUC Health, NTUC Foodfare, and other essential services reaching nearly every Singapore household. One of Singapore's largest employers, hiring across retail, HR, and corporate functions through its LEAD management associate programme.",ntucenterprise.sg,ntucenterprise.sg/careers,"Interpersonal skills, HRIS systems familiarity, discretion with sensitive information",Diploma in Human Resource Management with Psychology,NTUC Enterprise LEAD Programme (management associate track)
Woodlands Health,Healthcare,"One of Singapore's newest public healthcare campuses, integrating acute hospital care, community hospital, and long-term care services in a single site under the National Healthcare Group. Hires nursing and allied health graduates into a newly built, technology-forward care environment.",woodlandshealth.sg,woodlandshealth.sg/careers,"Care coordination, empathy, communication with families",Diploma in Integrated Community Care,SkillsFuture - Healthcare Support / Community Care WSQ courses
Outward Bound Singapore,Outdoor Education,"Singapore's premier outdoor adventure education provider, running expedition-based leadership and character development programmes for youth and adults, largely based on Pulau Ubin. Hires instructors and facilitators, valuing outdoor education and facilitation-focused diploma graduates.",obs.edu.sg,obs.edu.sg/about-us/careers,"First aid certification, facilitation skills, risk assessment",Diploma in Outdoor Education,Sport Singapore - National Coaching Accreditation Programme (NCAP) courses
Esplanade,Arts & Culture,"Singapore's national performing arts centre, hosting theatre, concerts, dance, and festivals year-round, including extensive free community programming. Hires into production, technical (AV/lighting/sound), and arts administration roles, with internships suited to Arts & Entertainment Production Management graduates.",esplanade.com,esplanade.com/about-us/careers,"Technical AV knowledge, organisation, teamwork under pressure",Diploma in Arts & Entertainment Production Management,SkillsFuture - 'Explore a Career' industry-specific short courses
Carousell,E-commerce / Technology,"Singapore-founded classifieds and marketplace platform, one of Southeast Asia's largest consumer-to-consumer marketplaces, operating across Singapore, Malaysia, Indonesia, the Philippines, Taiwan, and Hong Kong. Hires into product design, engineering, and trust & safety roles within a startup-style, design-forward culture.",carousell.com,careers.carousell.com,"A design portfolio (Figma), UX thinking, prototyping skills",Diploma in Design,Figma - free UX/UI design courses and templates
ABB,Industrial Automation / Robotics,"Swiss-Swedish multinational specializing in industrial automation, robotics, and electrification technology, with manufacturing and R&D operations in Singapore.",abb.com,careers.abb,"Electrical/controls fundamentals, troubleshooting, familiarity with automation systems",Diploma in Electrical & Electronic Engineering,SkillsFuture - Electrical & Automation WSQ courses
ActiveSG,Sports / Community Recreation,"Sport Singapore's community sports brand, running island-wide sports facilities, programmes, and membership services to encourage an active lifestyle.",myactivesg.com,sportsingapore.gov.sg/careers,"Coaching/facilitation skills, customer service, sports programme knowledge",Diploma in Sports & Leisure Management (or related sports diplomas),Sport Singapore - National Coaching Accreditation Programme (NCAP) courses
Agency for Integrated Care,Public Sector / Healthcare,"Singapore government agency coordinating care for seniors and individuals with care needs, connecting them to community, home, and residential care services.",aic.sg,aic.sg/careers,"Care coordination knowledge, empathy, communication with families and caregivers",Diploma in Integrated Community Care,SkillsFuture - Healthcare Support / Community Care WSQ courses
Amazon,Technology / E-commerce,Global e-commerce and cloud computing company (AWS) with a regional presence and operations in Singapore.,amazon.com,amazon.jobs/en/locations/singapore,"Data/analytical skills, customer obsession mindset, familiarity with cloud or e-commerce operations",Diploma in Business; Diploma in Applied AI & Analytics,Coursera - Google Data Analytics Professional Certificate
Base Entertainment,Live Entertainment / Theatre,"Resident presenter, programmer, and manager of the Sands Theatre at Marina Bay Sands, bringing Broadway and West End productions and other live shows to Singapore.",baseasia.com,baseasia.com/careers,"Event operations, front-of-house/technical production skills, adaptability under live conditions",Diploma in Arts & Entertainment Production Management,SkillsFuture - Event Management WSQ courses
BCA,Public Sector / Built Environment,"Building and Construction Authority - Singapore government statutory board championing safety, quality, sustainability, and productivity across the built environment sector.",bca.gov.sg,bca.gov.sg/en/about-us/careers,"Sustainability/green building knowledge, regulatory awareness, project coordination",Diploma in Sustainable Built Environment,SkillsFuture - Sustainability & Green Building WSQ courses
CAAS,Public Sector / Aviation,"Civil Aviation Authority of Singapore - the government body overseeing aviation safety, security, and air hub development for Singapore's aviation industry.",caas.gov.sg,caas.gov.sg/careers,"Regulatory/compliance awareness, attention to detail, aviation industry knowledge",Diploma in Aviation Management,SkillsFuture - 'Explore a Career' industry-specific short courses
CNA,Media & Broadcasting,Channel NewsAsia - Mediacorp's English-language news channel and digital news platform covering Singapore and regional current affairs.,cna.asia,mediacorp.recruiterpal.com,"News writing/storytelling, research skills, adaptability across broadcast and digital formats",Diploma in Mass Communication,LinkedIn Learning - Journalism & Storytelling Fundamentals
Comexposium,Events / MICE,"Global exhibition and event organiser with a Singapore office, running large-scale trade shows and conferences across multiple industry sectors.",comexposium.com,comexposium.com/careers,"Event logistics coordination, stakeholder communication, organisation under deadlines",Diploma in Events Management (or related business/hospitality diplomas),SkillsFuture - Event Management WSQ courses
DHL,Logistics,"Global logistics and courier company with extensive freight, express, and supply-chain operations in Singapore.",dhl.com,careers.dhl.com,"Operations/ERP familiarity, process discipline, problem-solving under time pressure",Diploma in Supply Chain Management,SkillsFuture - Supply Chain & Operations WSQ courses
Edelman,Public Relations / Communications,"Global communications and public relations firm with a Singapore office providing strategic communications, PR, and reputation management services.",edelman.com,edelman.com/careers,"Writing/storytelling, media relations knowledge, client communication",Diploma in Mass Communication,LinkedIn Learning - Journalism & Storytelling Fundamentals
Flex,Electronics Manufacturing,"Global electronics manufacturing services (EMS) company with manufacturing and design operations in Singapore, serving industries from consumer tech to healthcare.",flex.com,flex.com/careers,"Manufacturing process knowledge, quality control mindset, troubleshooting",Diploma in Electrical & Electronic Engineering,SkillsFuture - Electrical & Automation WSQ courses
Givaudan,Flavours & Fragrances,"Swiss flavour and fragrance company with regional manufacturing and innovation facilities in Singapore, serving the food, beverage, and consumer goods industries.",givaudan.com,givaudan.com/careers,"Formulation science knowledge, quality control testing, attention to detail",Diploma in Applied Chemistry,Coursera - Analytical Chemistry & Quality Control Fundamentals
Given Imaging,Medical Devices (part of Medtronic),"Pioneer of capsule endoscopy technology for gastrointestinal diagnostics; now part of Medtronic's GI Solutions business, with a regional presence in Singapore.",medtronic.com,medtronic.com/careers,"Lab discipline, documentation accuracy, interest in medical device technology",Diploma in Biological Sciences,Coursera - 'Good Laboratory Practice & Lab Safety Fundamentals'
Grab Financial Group,Fintech,"Grab's financial services arm offering payments, lending, and insurance products across Southeast Asia, headquartered in Singapore.",grab.com,grab.careers/en/jobs/,"Fintech/product literacy, data analysis, fast execution in a fast-paced environment",Diploma in Financial Technology,Coursera - Google Data Analytics Professional Certificate
Health Promotion Board,Public Sector / Public Health,Singapore government statutory board driving national health promotion programmes and preventive health initiatives.,hpb.gov.sg,hpb.gov.sg/careers,"Public health knowledge, communication, programme coordination",Diploma in Integrated Community Care,SkillsFuture - 'Explore a Career' industry-specific short courses
Home Team agencies,Public Sector / Home Affairs (collective term),"Collective term for agencies under Singapore's Ministry of Home Affairs (e.g. Police, Civil Defence, Immigration & Checkpoints, Prisons) responsible for public safety and security. Note: this is a category, not a single named employer - consider specifying the exact agency in the Career Database if possible.",mha.gov.sg,mha.gov.sg/careers,"Discipline, teamwork under pressure, public-service mindset",Diploma in Security Management & Governance (or related diplomas),SkillsFuture - 'Explore a Career' industry-specific short courses
IHG Hotels & Resorts,Hospitality,"Global hotel group (InterContinental, Holiday Inn, Crowne Plaza, and others) with multiple properties and a regional office in Singapore.",ihg.com,careers.ihg.com,"Guest service mindset, PMS software familiarity, teamwork",Diploma in Hotel & Leisure Management,SkillsFuture - Hospitality & Guest Service WSQ courses
JTC,Public Sector / Industrial Infrastructure,"JTC Corporation - Singapore's lead government agency for planning and developing industrial infrastructure, from business parks to specialised manufacturing facilities.",jtc.gov.sg,jtc.gov.sg/careers,"Project coordination, technical/engineering fundamentals, analytical thinking",Diploma in Business Process & Engineering Management,Coursera - Google Data Analytics Professional Certificate
Kantar,Market Research / Data Analytics,"Global market research and data analytics company providing consumer insights and brand research services, with a Singapore office.",kantar.com,kantar.com/careers,"Data analysis, survey/research methodology, clear reporting of insights",Diploma in Consumer Insights & Psychology,Coursera - Google Data Analytics Professional Certificate
Les Amis Group,F&B / Fine Dining,"Singapore's most diverse F&B group, operating Michelin-starred fine dining as well as casual dining concepts across French, Japanese, and Asian cuisines.",lesamisgroup.com.sg,lesamisgroup.com.sg/careers,"Service excellence, attention to detail, resilience in a fast-paced kitchen/service environment",Diploma in Hotel & Leisure Management,SkillsFuture - WSQ Service Excellence courses
MCI Group,Events / Association Management,"Global meetings, events, and association management company with an Asia-Pacific hub in Singapore, running conferences, congresses, and destination management services.",mci-group.com,mci-group.com/careers,"Event logistics, client communication, organisation across multiple stakeholders",Diploma in Events Management (or related business/hospitality diplomas),SkillsFuture - Event Management WSQ courses
MINDEF,Public Sector / Defence,Ministry of Defence Singapore - the government ministry overseeing Singapore's defence policy and the Singapore Armed Forces.,mindef.gov.sg,mindef.gov.sg/careers,"Discipline, technical/engineering fundamentals, security awareness",Diploma in Defence & Security Management,SkillsFuture - Engineering fundamentals WSQ courses
Merck,Pharmaceutical / Life Science,German pharmaceutical and life science company (Merck KGaA) with manufacturing and R&D operations in Singapore.,merck.com,merckgroup.com/en/careers.html,"GMP knowledge, regulatory awareness, documentation discipline",Diploma in Pharmaceutical Science; Diploma in Biological Sciences,Coursera - 'Good Manufacturing Practices (GMP) Fundamentals'
Micron,Semiconductors,Global memory and storage semiconductor company with a major manufacturing fab in Singapore.,micron.com,micron.com/careers,"Circuit/process fundamentals, troubleshooting, precision in a cleanroom environment",Diploma in Electrical & Electronic Engineering,SkillsFuture - Electrical & Automation WSQ courses
NEA,Public Sector / Environment,"National Environment Agency - Singapore's lead agency for environmental protection, public health, and climate resilience initiatives.",nea.gov.sg,nea.gov.sg/careers,"Regulatory/compliance awareness, data analysis, public communication",Diploma in Sustainable Built Environment,Coursera - Google Data Analytics Professional Certificate
NParks,Public Sector / Parks & Greenery,"National Parks Board - Singapore's lead agency for parks, greenery, biodiversity conservation, and the 'City in Nature' vision.",nparks.gov.sg,nparks.gov.sg/careers,"Biodiversity/environmental knowledge, fieldwork discipline, public engagement",Diploma in Outdoor Education,Coursera - Conservation & Environmental Science Fundamentals
NielsenIQ,Market Research / Consumer Data,"Global consumer intelligence and market research company providing retail and consumer behaviour data, with a Singapore office.",nielseniq.com,nielseniq.com/global/en/careers/,"Data analysis, attention to detail, clear reporting of consumer insights",Diploma in Consumer Insights & Psychology,Coursera - Google Data Analytics Professional Certificate
OUE Restaurants,F&B / Restaurant Group,"Food and lifestyle division of OUE Limited, operating a portfolio of restaurant and bar concepts in Singapore spanning fine dining to casual dining.",ouerestaurants.com,ouerestaurants.com/careers,"Service excellence, multitasking under pressure, teamwork",Diploma in Hotel & Leisure Management,SkillsFuture - WSQ Service Excellence courses
Ogilvy,Advertising / PR,"Global advertising and public relations agency with a Singapore office, providing brand, communications, and creative campaign services.",ogilvy.com,ogilvy.com/sg/careers,"Creative thinking, client communication, portfolio of campaign/content work",Diploma in Mass Communication,SkillsFuture - 'Explore a Career' industry-specific short courses
Omron,Industrial Automation / Electronics,"Japanese electronics and industrial automation company with regional operations in Singapore, spanning factory automation, healthcare, and electronic components.",omron.com,omron.com/global/en/careers/,"Circuit/automation fundamentals, troubleshooting, precision",Diploma in Electrical & Electronic Engineering,SkillsFuture - Electrical & Automation WSQ courses
Pico,Events / Exhibition Production,"Global brand experience and exhibition production group headquartered in Hong Kong with a Singapore presence, delivering trade show and event production services.",pico.com,pico.com/careers,"Event production coordination, client communication, organisation across timelines",Diploma in Events Management (or related business/hospitality diplomas),SkillsFuture - Event Management WSQ courses
Pratt & Whitney,Aerospace,"Global aircraft engine manufacturer with a maintenance, repair, and overhaul (MRO) presence in Singapore supporting regional aviation operations.",prattwhitney.com,careers.rtx.com/global/en/pratt-whitney,"Technical precision, engineering fundamentals, discipline under regulation",Diploma in Aerospace Systems & Management (or related engineering diplomas),SkillsFuture - Engineering fundamentals WSQ courses
Quest Diagnostics,Clinical Diagnostics,"Global clinical laboratory testing company providing diagnostic information services, with a presence supporting the Asia-Pacific region.",questdiagnostics.com,questdiagnostics.com/about/careers,"Lab discipline, accurate documentation, quality-control mindset",Diploma in Biological Sciences,Coursera - 'Good Laboratory Practice & Lab Safety Fundamentals'
Roche Diagnostics,Pharmaceutical / Diagnostics,"Swiss pharmaceutical and diagnostics company with a manufacturing and innovation presence in Singapore, producing diagnostic and life science products.",roche.com,careers.roche.com,"GMP/quality-assurance mindset, regulatory familiarity, meticulous documentation",Diploma in Pharmaceutical Science; Diploma in Biological Sciences,Coursera - 'Good Manufacturing Practices (GMP) Fundamentals'
SGH,Healthcare,"Singapore General Hospital - the country's largest and oldest tertiary hospital, providing acute and specialist medical care.",sgh.com.sg,sgh.com.sg/careers,"Care coordination, empathy, communication with patients and families",Diploma in Integrated Community Care,SkillsFuture - Healthcare Support / Community Care WSQ courses
SIA Engineering Company,Aviation / MRO,"Asia's foremost aircraft Maintenance, Repair and Overhaul (MRO) provider and a subsidiary of Singapore Airlines, holding certifications from more than 20 airworthiness authorities and serving over 80 international airlines. Runs structured Trainee Aircraft Engineer and Trainee Technician programmes (including a 16-month traineeship leading to an aircraft maintenance license) that are specifically designed as entry pathways for polytechnic and ITE graduates into licensed aviation engineering careers.",siaec.com.sg,siaec.com.sg/our_company/people/careers.html,"Technical precision, engineering fundamentals, discipline under regulation",Diploma in Aviation Management,SIAEC Trainee Aircraft Engineer / Trainee Technician Programme - 16-month traineeship leading to an aircraft maintenance license
ST Engineering Aerospace,Aerospace / Engineering,"Aerospace division of ST Engineering, providing MRO, engineering, and manufacturing services for the aviation industry.",stengg.com,stengg.com/en/careers/,"Technical precision, engineering fundamentals, discipline under regulation",Diploma in Aviation Management; Diploma in Electrical & Electronic Engineering,SkillsFuture - Engineering fundamentals WSQ courses
ST Marine,Marine / Defence Engineering,"Marine division of ST Engineering, specialising in shipbuilding, repair, and naval engineering.",stengg.com,stengg.com/en/careers/,"Technical precision, engineering fundamentals, discipline under regulation",Diploma in Mobility & Robotic Systems (or related engineering diplomas),SkillsFuture - Engineering fundamentals WSQ courses
Sephora,Beauty Retail,"Global beauty retailer offering cosmetics, skincare, and fragrance brands, with a regional retail presence in Singapore.",sephora.sg,careers.sephora.com,"Customer service, product knowledge, retail operations familiarity",Diploma in Consumer Insights & Psychology,SkillsFuture - WSQ Service Excellence courses
Siemens,Industrial Technology,"German industrial technology conglomerate spanning automation, digitalisation, and infrastructure, with regional operations in Singapore.",siemens.com,jobs.siemens.com,"Electrical/automation fundamentals, troubleshooting, technical documentation",Diploma in Electrical & Electronic Engineering,SkillsFuture - Electrical & Automation WSQ courses
Singapore Sports Institute,Sports Science,"Part of Sport Singapore, supporting high-performance sport through sports science, sports medicine, and athlete development programmes.",sportsingapore.gov.sg,sportsingapore.gov.sg/careers,"Sports science knowledge, data tracking, coaching support skills",Diploma in Sports & Leisure Management (or related sports diplomas),Sport Singapore - National Coaching Accreditation Programme (NCAP) courses
Softing Singapore,Industrial Automation / IT Networks,"Singapore subsidiary of German technology company Softing AG, providing test and measurement solutions for industrial automation and IT network infrastructure.",softing.com,softing.com/en/company/career/,"Technical testing/troubleshooting, IT networking fundamentals, precision",Diploma in Electrical & Electronic Engineering; Diploma in Enterprise Cloud Computing & Management,SkillsFuture - Electrical & Automation WSQ courses
Sport Singapore,Public Sector / Sports,"Singapore's statutory board for developing sport, running national sports facilities, programmes, and initiatives (including ActiveSG) to build an active nation.",sportsingapore.gov.sg,sportsingapore.gov.sg/careers,"Programme coordination, community engagement, sports industry knowledge",Diploma in Sports & Leisure Management (or related sports diplomas),SkillsFuture - 'Explore a Career' industry-specific short courses
Surbana Jurong,Urban & Infrastructure Consultancy,"Singapore-headquartered urban and infrastructure consultancy providing planning, engineering, and design services across the region.",surbanajurong.com,surbanajurong.com/careers,"Sustainability knowledge, project coordination, analytical/technical skills",Diploma in Sustainable Built Environment,SkillsFuture - Sustainability & Green Building WSQ courses
TTSH,Healthcare,"Tan Tock Seng Hospital - a major Singapore public hospital providing acute care, rehabilitative care, and infectious disease services.",ttsh.com.sg,ttsh.com.sg/careers,"Care coordination, empathy, communication with patients and families",Diploma in Integrated Community Care,SkillsFuture - Healthcare Support / Community Care WSQ courses
The Ebenex Group,Events / AV Production,"Singapore-based integrated event technology group covering audio-visual production, event management, and venue technical support across live, virtual, and hybrid events.",ebenex.com,ebenex.com/careers,"AV/technical production skills, organisation, teamwork under live conditions",Diploma in Arts & Entertainment Production Management,SkillsFuture - 'Explore a Career' industry-specific short courses
Thermo Fisher Scientific,Life Sciences / Biotechnology,"Global life sciences company providing scientific instruments, reagents, and services, with a significant manufacturing and R&D presence in Singapore.",thermofisher.com,jobs.thermofisher.com,"Aseptic technique, accurate lab record-keeping, basic scripting (R/Python)",Diploma in Biological Sciences,Coursera - 'Good Manufacturing Practices (GMP) Fundamentals'
Unity Pharmacy,Retail Pharmacy,"Retail pharmacy arm of NTUC Health/FairPrice Group, operating community pharmacies across Singapore; runs the RP-Unity Teaching Retail Pharmacy in partnership with Republic Polytechnic.",unity.com.sg,unity.com.sg/careers,"Pharmacy/customer service skills, product knowledge, attention to detail",Diploma in Pharmaceutical Science,SkillsFuture - WSQ Service Excellence courses
Watsons,Health & Beauty Retail,"Health and beauty retail chain with an extensive store network across Singapore, offering pharmacy, wellness, and beauty products.",watsons.com.sg,careers.watsons.com.sg,"Customer service, retail operations familiarity, product knowledge",Diploma in Consumer Insights & Psychology,SkillsFuture - WSQ Service Excellence courses
Wilmar,Agribusiness,"Singapore-headquartered agribusiness conglomerate spanning palm oil, edible oils, grains, and consumer food products across Asia.",wilmar-international.com,wilmar-international.com/careers,"Formulation/food science knowledge, quality control mindset, analytical thinking",Diploma in Applied Chemistry,Coursera - Google Data Analytics Professional Certificate
WuXi Biologics,Biotechnology / CDMO,Global biologics contract development and manufacturing organisation (CDMO) with a manufacturing facility in Singapore.,wuxibiologics.com,wuxibiologics.com/careers/,"Aseptic technique, accurate lab record-keeping, GMP awareness",Diploma in Biological Sciences,Coursera - 'Good Manufacturing Practices (GMP) Fundamentals'
PUB,Public Sector / Water & Environment,"Singapore's National Water Agency, managing the entire water cycle - drainage, water supply, used water treatment, and water reclamation - as part of the national environment and sustainability agenda.",pub.gov.sg,pub.gov.sg/careers,"Environmental/sustainability knowledge, technical fundamentals, regulatory awareness",Diploma in Sustainable Built Environment,SkillsFuture - Sustainability & Green Building WSQ courses
BASF,Specialty Chemicals,"World's largest chemical producer, headquartered in Germany, with Singapore manufacturing and Asia Pacific operations spanning performance chemicals, agricultural solutions, and materials. Offers structured graduate programmes and internships with real-world project exposure across its Asia Pacific sites.",basf.com,basf.com/sg/en/careers,"Chemistry fundamentals, process safety awareness, sustainability mindset",Diploma in Applied Chemistry,SkillsFuture - Sustainability & Green Building WSQ courses
ExxonMobil,Petrochemicals / Energy,"One of the world's largest publicly traded energy and chemical companies; Singapore hosts ExxonMobil's largest integrated manufacturing site globally, spanning an oil refinery and the Singapore Chemical Plant on Jurong Island, plus its Asia Pacific downstream and chemicals regional headquarters.",exxonmobil.com,corporate.exxonmobil.com/careers/featured-hiring-locations/careers-in-singapore,"Chemistry/process fundamentals, safety discipline, analytical thinking",Diploma in Applied Chemistry,Coursera - Google Data Analytics Professional Certificate
Sanofi,Pharmaceutical / Biopharma,"Global biopharmaceutical company with three Singapore sites: a regional headquarters, a 30-year-old API manufacturing plant in Jurong, and Modulus, its first Asian next-generation modular biopharmaceutical manufacturing facility. Runs 6-12 month internships and a two-year Sanofi Manufacturing Innovators development programme.",sanofi.com,jobs.sanofi.com/en/singapore-careers,"GMP knowledge, process/chemistry fundamentals, quality mindset",Diploma in Applied Chemistry; Diploma in Pharmaceutical Science,Sanofi Manufacturing Innovators (SMI) Program - 2-year biopharma manufacturing development track
Lonza,Biotechnology / Pharma Manufacturing,"Global partner to the pharmaceutical, biotech, and nutrition industries, operating a major biologics manufacturing site in Tuas, Singapore, focused on therapeutic protein and cell/gene therapy production under cGMP conditions. Actively hires fresh graduates in Life Sciences into biotechnologist and quality roles.",lonza.com,lonza.com/careers,"Aseptic technique, GMP knowledge, lab documentation discipline",Diploma in Biological Sciences; Diploma in Biomedical Science,Coursera - 'Good Manufacturing Practices (GMP) Fundamentals'
Novartis,Pharmaceutical,"Swiss global pharmaceutical company with Singapore operations supporting regional commercial and manufacturing functions, focused on innovative medicines across oncology, cardiovascular, and immunology. Offers structured internships and graduate entry roles across R&D, manufacturing, and commercial functions.",novartis.com,novartis.com/sg-en/careers,"GMP/quality-assurance mindset, regulatory awareness, lab discipline",Diploma in Biological Sciences; Diploma in Pharmaceutical Science,Coursera - 'Good Manufacturing Practices (GMP) Fundamentals'
Health Sciences Authority,Public Sector / Health Regulation,"Singapore's national regulator for health products, forensic science, and blood supply - reviews and approves medicines and medical devices, provides forensic and analytical science services, and operates Singapore's national blood bank. Offers internships and entry roles for science and biomedical graduates in regulatory, lab, and forensic functions.",hsa.gov.sg,hsa.gov.sg/about-us/careers/,"Regulatory/analytical mindset, lab discipline, attention to detail",Diploma in Biological Sciences; Diploma in Biomedical Science; Diploma in Pharmaceutical Science,Coursera - 'Good Manufacturing Practices (GMP) Fundamentals'
National University Hospital,Healthcare,"Singapore's leading university hospital and largest acute tertiary hospital, part of the National University Health System (NUHS), providing multidisciplinary care and hosting the National University Cancer Institute. Hires biomedical and lab science graduates into medical technologist, research, and allied health roles.",nuh.com.sg,nuh.com.sg/careers/join-us,"Lab discipline, accurate documentation, patient-care mindset",Diploma in Biological Sciences; Diploma in Biomedical Science,Coursera - 'Good Laboratory Practice & Lab Safety Fundamentals'
KK Women's and Children's Hospital,Healthcare,"Singapore's largest hospital for women and children, providing care across more than 30 medical specialties through doctors, nurses, and allied health professionals. Offers career pathways for allied health and biomedical science graduates in diagnostic and clinical support roles.",kkh.com.sg,kkh.com.sg/careers,"Lab discipline, communication, patient-care mindset",Diploma in Biomedical Science; Diploma in Integrated Community Care,Coursera - 'Good Laboratory Practice & Lab Safety Fundamentals'
Maritime and Port Authority of Singapore,Public Sector / Maritime,"Singapore's statutory board overseeing port operations, maritime safety, and the development of Singapore as an International Maritime Centre. Offers rotational entry roles spanning policy, business development, and vessel/port operations, with structured training for graduates from science, engineering, and business backgrounds.",mpa.gov.sg,mpa.gov.sg/events-careers/mpa-careers,"Regulatory awareness, analytical thinking, maritime industry knowledge",Diploma in Environmental & Marine Science; Diploma in Aviation Management,Coursera - Google Data Analytics Professional Certificate
Mandai Wildlife Group,Wildlife / Conservation,"Singapore's only zoological institution and steward of Mandai Wildlife Reserve, home to Singapore Zoo, Night Safari, River Wonders, and Bird Paradise. Combines animal care, conservation research, and guest experience operations, hiring science graduates into horticulture, animal care, and conservation research roles.",mandai.com,careers.mandai.com,"Environmental/biology knowledge, fieldwork discipline, conservation mindset",Diploma in Environmental & Marine Science; Diploma in Outdoor Education,Coursera - Conservation & Environmental Science Fundamentals
Seatrium,Marine / Offshore Engineering,"Singapore-headquartered global engineering group for the offshore, marine, and energy industries, with over 60 years building rigs, floaters, offshore platforms, and specialised vessels, now expanding into offshore renewables and new energy solutions. Hires engineering and environmental science graduates into design, project, and sustainability roles.",seatrium.com,seatrium.wd3.myworkdayjobs.com/SeatriumCareers,"Technical/engineering fundamentals, project coordination, safety discipline",Diploma in Environmental & Marine Science; Diploma in Mobility & Robotic Systems,SkillsFuture - Engineering fundamentals WSQ courses
AbbVie,Pharmaceutical / Biopharma,"Global Fortune 500 biopharmaceutical company with its Japan-Asia-Pacific regional headquarters in Singapore, alongside a small molecule and biologics manufacturing facility. Focuses on immunology, oncology, neuroscience, and eye care, with internships and development programmes across R&D, manufacturing, and commercial functions.",abbvie.com,abbvie.com.sg/join-us.html,"GMP knowledge, quality mindset, lab documentation discipline",Diploma in Pharmaceutical Science; Diploma in Biological Sciences,Coursera - 'Good Manufacturing Practices (GMP) Fundamentals'
Deloitte,Professional Services / Big 4,"One of the Big Four global professional services firms, offering audit & assurance, tax & legal, consulting, financial advisory, and risk advisory services. Runs a dedicated Accelerated Career Program for accountancy polytechnic and university students, plus a 2-year graduate rotational programme and structured internships across all service lines.",deloitte.com,www2.deloitte.com/sg/en/careers/students.html,"Analytical thinking, client communication, adaptability across industries",Diploma in Business; Diploma in Human Resource Management with Psychology,Deloitte Accelerated Career Program (Audit & Assurance) for accountancy poly students
KPMG,Professional Services / Big 4,"One of the Big Four global professional services firms, providing audit, tax, and advisory services across financial services, consumer, and technology industries. Runs early-career programmes specifically designed for polytechnic graduates as an entry point into professional services, alongside a 2-year rotational graduate programme.",kpmg.com,kpmg.com/sg/en/careers.html,"Analytical thinking, attention to detail, client communication",Diploma in Business; Diploma in Human Resource Management with Psychology,"KPMG Early Career Programme, designed specifically as an entry point for polytechnic students"
Rolls-Royce Singapore,Aerospace / Engineering,"Rolls-Royce's Asia Pacific hub for aerospace engine manufacturing, assembly, and testing, operating one of the company's largest and most advanced engine facilities outside the UK. Offers apprenticeships, internships, and graduate engineering roles across manufacturing, supply chain, and technical functions.",rolls-royce.com,careers.rolls-royce.com/en/our-locations/singapore,"Technical precision, engineering fundamentals, discipline under regulation",Diploma in Aerospace Engineering; Diploma in Electrical & Electronic Engineering,Rolls-Royce Apprenticeship Programme
Land Transport Authority,Public Sector / Transport Infrastructure,"Singapore's statutory board under the Ministry of Transport that plans, builds, and maintains the country's land transport infrastructure and systems, including the MRT network, roads, and the National Electric Vehicle Centre. Offers internships, scholarships, and structured graduate roles across engineering, planning, and technology functions.",lta.gov.sg,lta.gov.sg/content/ltagov/en/who_we_are/careers/join_lta.html,"Engineering fundamentals, project coordination, regulatory awareness",Diploma in Mobility & Robotic Systems; Diploma in Sustainable Built Environment,LTA GRIT@Gov Traineeship and engineering scholarships
Housing & Development Board,Public Sector / Public Housing,"Singapore's statutory board responsible for public housing, planning and developing towns that house over 80% of Singapore's resident population. Offers internships and graduate roles spanning architecture, engineering, estate management, and urban planning.",hdb.gov.sg,hdb.gov.sg/about-us/work-with-us/careers,"Sustainability/urban planning knowledge, project coordination, regulatory awareness",Diploma in Sustainable Built Environment,SkillsFuture - Sustainability & Green Building WSQ courses
Bosch,Industrial Technology / Automotive,"German multinational engineering and technology company with Singapore operations spanning automotive aftermarket, IoT, industrial automation, and R&D. Runs a Junior Managers Program with functional rotations and international assignments, plus internships across engineering and business functions.",bosch.com.sg,bosch.com.sg/careers/,"Electrical/automation fundamentals, troubleshooting, technical documentation",Diploma in Electrical & Electronic Engineering; Diploma in Mobility & Robotic Systems; Diploma in Engineering,Bosch Junior Managers Program - functional rotations plus an overseas assignment
Kuehne+Nagel,Logistics,"Global logistics group offering sea, air, and land freight forwarding plus contract logistics, with a Singapore office serving as a regional hub. Hires graduates into operations, supply chain, and freight forwarding roles as part of its global logistics network.",kuehne-nagel.com,jobs.kuehne-nagel.com/global/en/singapore,"Operations/logistics fundamentals, process discipline, problem-solving",Diploma in Supply Chain Management,SkillsFuture - Supply Chain & Operations WSQ courses
Resorts World Sentosa,Hospitality / Integrated Resort,"Asia's premium lifestyle destination resort on Sentosa Island, spanning six luxury hotels, Universal Studios Singapore, S.E.A. Aquarium, a casino, and the Resorts World Convention Centre. Runs a Management Associate Programme and hires across hospitality, guest services, attractions, and F&B operations.",rwsentosa.com,rwsentosa.com/en/about/career,"Guest service mindset, multitasking under pressure, teamwork",Diploma in Hospitality & Tourism Management; Diploma in Hotel & Leisure Management; Diploma in Events & Project Management,RWS Management Associate Programme - 2-year hospitality leadership track
Marriott International,Hospitality / Hotels,"Global hospitality company with 30+ hotel brands and multiple properties in Singapore, including luxury brands like The St. Regis. Offers structured Hotel Internship Programmes and graduate roles across front office, F&B, and hotel operations.",marriott.com,careers.marriott.com,"Guest service mindset, PMS software familiarity, teamwork",Diploma in Hospitality & Tourism Management; Diploma in Hotel & Leisure Management; Diploma in Restaurant & Culinary Management,Marriott Hotel Internship Program
BreadTalk Group,F&B / Bakery & Restaurant Group,"Homegrown Singapore F&B group founded in 2000, operating bakery, restaurant, and food court brands including BreadTalk and Toast Box across multiple markets. Runs a Management Associate Programme and a SkillsFuture Earn & Learn programme specifically for polytechnic trainees to build technical F&B skills over a 15-month internship.",breadtalk.com,breadtalk.com/careers/,"Service excellence, multitasking under pressure, food safety discipline",Diploma in Restaurant & Culinary Management,BreadTalk SkillsFuture Earn & Learn Programme - 15-month technical F&B pathway for polytechnic trainees
True Fitness,Fitness / Gym Chain,"One of Asia's largest fitness and wellness groups, headquartered in Singapore with clubs across 7 locations islandwide plus presence in Malaysia, Taiwan, Thailand, and China. Hires fitness instructors and personal trainers, with no experience required and a clear pathway for candidates with a sport science or sport management diploma.",truefitness.com.sg,truefitness.com.sg/personal-trainers-recruitment/,"Coaching/fitness knowledge, customer service, sales ability",Diploma in Sport Coaching; Diploma in Sport & Exercise Science; Diploma in Sports & Health,Sport Singapore - National Coaching Accreditation Programme (NCAP) courses
SAFRA,Community / Sports & Recreation,"National Service Association running a network of community clubs across Singapore offering social, recreational, sports, and educational facilities for NSmen and their families, serving around 600,000 members. Hires across fitness coaching, event management, and customer service roles at its clubs.",safra.sg,safra.sg/careers,"Coaching/facilitation skills, customer service, community engagement",Diploma in Sport Coaching; Diploma in Outdoor Education; Diploma in Sports & Health,Sport Singapore - National Coaching Accreditation Programme (NCAP) courses
Ministry of Education,Public Sector / Education,"Singapore's government ministry overseeing the national education system, from primary schools to junior colleges. Offers a Diploma in Education route via the National Institute of Education specifically designed for polytechnic graduates entering primary teaching, alongside PE teaching and Allied Educator career tracks.",moe.gov.sg,moe.gov.sg/careers,"Communication, mentoring mindset, subject/coaching knowledge",Diploma in Sport Coaching; Diploma in Outdoor Education,"NIE Diploma in Education - direct route for polytechnic graduates into primary teaching, MOE-sponsored with a stipend"
Ubisoft Singapore,Video Games,"Southeast Asia's largest AAA video game development studio, opened in 2008, with 450+ team members who have worked on every Assassin's Creed title since AC2 and led the launch of Skull and Bones. Hires artists, designers, engineers, and producers into blockbuster game development and live operations roles.",ubisoftsingapore.com,ubisoftsingapore.com/careers-new,"Creative/technical game development skills, teamwork, portfolio of work",Diploma in Sonic Arts; Diploma in Design; Diploma in Digital Content Creation,Unity Learn - free game development courses
Garena,Video Games / Digital Entertainment,"The digital entertainment arm of Singapore-founded Sea Limited, developing and publishing games including Free Fire across Southeast Asia and Taiwan. Runs the Sea Global Management Associate Program and a Labs Internship Program for software engineering and game development graduates.",garena.com,careers.garena.com/global/careers,"Game development/design skills, data-driven thinking, creativity",Diploma in Sonic Arts; Diploma in Digital Content Creation,Sea Global Management Associate Program (MAP) / Sea Labs Internship Program
Kingsmen Creatives,Design / Experiential Production,"Singapore Exchange-listed communication design and production group with 21 offices across Asia Pacific, the Middle East, and the US, creating exhibitions, museums, retail interiors, and brand experiences for major global clients. Actively partners with polytechnics on design talent development and hires into design, project management, and production roles.",kingsmen-int.com,kingsmen-int.com/careers/,"Design portfolio, project coordination, client communication",Diploma in Design; Diploma in Sonic Arts; Diploma in Arts & Entertainment Production Management,Kingsmen x Polytechnic design talent partnership programme
